"_primaryKey","_firstSeenAt","_lastSeenAt","listingId","vin","stockType","year","make","model","trim","price","msrp","mileage","bodyStyle","exteriorColor","interiorColor","drivetrain","transmission","engine","fuelType","mpg","stockNumber","sellerType","sellerName","sellerCity","sellerState","images","imagesCount","options","optionsCount","description","listingUrl"
"2c95e3ce-b97c-4aaa-a858-bcf724e647a6","2026-08-04 23:50:52.521","2026-08-04 23:50:52.521","2c95e3ce-b97c-4aaa-a858-bcf724e647a6","[PREMIUM]","Used",2014,"Chrysler","Town &amp; Country","Touring","[PREMIUM]","[PREMIUM]",149516,"Passenger Van","black","Black/Light Graystone","Front-wheel Drive",,,"Gasoline",,,"dealership","[PREMIUM]","Orland Park","IL","[PREMIUM]",34,"[]",,,"[PREMIUM]"
"71febd7c-a268-4aef-b5b4-3fb673ca329c","2026-08-04 23:41:12.059","2026-08-04 23:41:12.059","71febd7c-a268-4aef-b5b4-3fb673ca329c","[PREMIUM]","Used",2014,"Jeep","Grand Cherokee","Limited","[PREMIUM]","[PREMIUM]",179488,"SUV","white","Sepia","Rear-wheel Drive",,,"E85 Flex Fuel",,,"dealership","[PREMIUM]","Dallas","TX","[PREMIUM]",37,"[]",,,"[PREMIUM]"
"922ab3ad-7770-405a-9281-586326e0bd9e","2026-08-04 23:06:40.852","2026-08-04 23:06:40.852","922ab3ad-7770-405a-9281-586326e0bd9e","[PREMIUM]","Used",2014,"Buick","Enclave","Leather","[PREMIUM]","[PREMIUM]",183024,"SUV","silver","Titanium","Front-wheel Drive",,,"Gasoline",,,"dealership","[PREMIUM]","Lafayette","LA","[PREMIUM]",4,"[]",,,"[PREMIUM]"
"3059b7ab-446a-4605-9bad-1c7131c805cb","2026-08-04 22:37:32.371","2026-08-04 22:37:32.371","3059b7ab-446a-4605-9bad-1c7131c805cb","[PREMIUM]","Used",2014,"Chevrolet","Equinox","1LT","[PREMIUM]","[PREMIUM]",138263,"SUV","red","Jet Black","Front-wheel Drive",,,"Gasoline",,,"dealership","[PREMIUM]","Akron","OH","[PREMIUM]",44,"[]",,,"[PREMIUM]"
"c7ec1f30-2923-476b-a892-8edb03ef2ba7","2026-08-04 22:34:12.136","2026-08-04 22:34:12.136","c7ec1f30-2923-476b-a892-8edb03ef2ba7","[PREMIUM]","Used",2014,"Jeep","Patriot","Sport","[PREMIUM]","[PREMIUM]",162590,"SUV","black","Dark Slate Gray","Front-wheel Drive",,,"Gasoline",,,"dealership","[PREMIUM]","Bedford","OH","[PREMIUM]",17,"[]",,,"[PREMIUM]"
"ad9f9219-8f4b-4863-9d17-85b9ef762f5e","2026-08-04 22:25:41.887","2026-08-04 22:25:41.887","ad9f9219-8f4b-4863-9d17-85b9ef762f5e","[PREMIUM]","Used",2014,"Mercedes-Benz","C-Class","C 250 Sport","[PREMIUM]","[PREMIUM]",165000,"Sedan","black","Beige","Rear-wheel Drive",,,"Gasoline",,,"private","[PREMIUM]",,,"[PREMIUM]",2,"[]",,,"[PREMIUM]"
"dc939cab-2ac1-4ab4-8d3c-29472b498024","2026-08-04 22:21:31.790","2026-08-04 22:21:31.790","dc939cab-2ac1-4ab4-8d3c-29472b498024","[PREMIUM]","Used",2014,"Jeep","Compass","Sport","[PREMIUM]","[PREMIUM]",165000,"SUV","black","Dark Slate Gray","Four-wheel Drive",,,"Gasoline",,,"dealership","[PREMIUM]","Willoughby","OH","[PREMIUM]",9,"[]",,,"[PREMIUM]"
"7bad1f62-582c-4b8f-8644-45a076f1d581","2026-08-04 22:06:41.546","2026-08-04 22:06:41.546","7bad1f62-582c-4b8f-8644-45a076f1d581","[PREMIUM]","Used",2014,"Scion","tC","Base","[PREMIUM]","[PREMIUM]",147627,"Coupe","black","Dark Charcoal","Front-wheel Drive",,,"Gasoline",,,"dealership","[PREMIUM]","Bryant","AR","[PREMIUM]",17,"[]",,,"[PREMIUM]"
"d415c6e6-d425-4b37-9911-617de02ef8a7","2026-08-04 21:49:11.054","2026-08-04 21:49:11.054","d415c6e6-d425-4b37-9911-617de02ef8a7","[PREMIUM]","Used",2014,"Chevrolet","Cruze","1LT","[PREMIUM]","[PREMIUM]",101445,"Sedan","silver","GRAY","Front-wheel Drive",,,"Gasoline",,,"dealership","[PREMIUM]","Bedford","OH","[PREMIUM]",18,"[]",,,"[PREMIUM]"
"3eba8e42-0398-4a9a-8552-f0cd83b0779b","2026-08-04 21:47:00.900","2026-08-04 21:47:00.900","3eba8e42-0398-4a9a-8552-f0cd83b0779b","[PREMIUM]","Used",2014,"Jeep","Compass","Limited","[PREMIUM]","[PREMIUM]",129994,"SUV","red","Dark Slate Gray","Four-wheel Drive",,,"Gasoline",,,"dealership","[PREMIUM]","Bordentown","NJ","[PREMIUM]",53,"[]",,,"[PREMIUM]"
"8fc68520-e08d-4b87-ba1b-8b4f3295d6d3","2026-08-04 21:46:50.786","2026-08-04 21:46:50.786","8fc68520-e08d-4b87-ba1b-8b4f3295d6d3","[PREMIUM]","Used",2014,"Ford","Fiesta","SE","[PREMIUM]","[PREMIUM]",116506,"Hatchback","white","Black","Front-wheel Drive",,,"Gasoline",,,"dealership","[PREMIUM]","Hermantown","MN","[PREMIUM]",48,"[]",,,"[PREMIUM]"
"a6624e19-55a0-49b7-a1e7-a79df6bac9c7","2026-08-04 21:40:50.530","2026-08-04 21:40:50.530","a6624e19-55a0-49b7-a1e7-a79df6bac9c7","[PREMIUM]","Used",2014,"Chevrolet","Cruze","2LT","[PREMIUM]","[PREMIUM]",86063,"Sedan","black","Black","Front-wheel Drive",,,"Gasoline",,,"dealership","[PREMIUM]","Gary","IN","[PREMIUM]",38,"[]",,,"[PREMIUM]"
"112b778c-20f6-42a4-ab49-32fb0f4b07b6","2026-08-04 21:34:10.232","2026-08-04 21:34:10.232","112b778c-20f6-42a4-ab49-32fb0f4b07b6","[PREMIUM]","Used",2014,"Scion","iQ","3-Door Hatchback AT","[PREMIUM]","[PREMIUM]",117710,"Hatchback","white","Black","Front-wheel Drive",,,"Gasoline",,,"dealership","[PREMIUM]","Phoenix","AZ","[PREMIUM]",15,"[]",,,"[PREMIUM]"
"1eae683f-d79e-41db-a040-3c658c854d61","2026-08-04 21:17:09.659","2026-08-04 21:17:09.659","1eae683f-d79e-41db-a040-3c658c854d61","[PREMIUM]","Used",2014,"Nissan","Murano","SL","[PREMIUM]","[PREMIUM]",123255,"SUV","gray","Black","Front-wheel Drive",,,"Gasoline",,,"dealership","[PREMIUM]","Lewisville","TX","[PREMIUM]",17,"[]",,,"[PREMIUM]"
"e4bbf99e-bbfa-433d-a9f0-277832357de1","2026-08-04 21:16:59.686","2026-08-04 21:16:59.686","e4bbf99e-bbfa-433d-a9f0-277832357de1","[PREMIUM]","Used",2014,"Dodge","Dart","Limited","[PREMIUM]","[PREMIUM]",119000,"Sedan","blue","Black","Front-wheel Drive",,,"Gasoline",,,"dealership","[PREMIUM]","Reading","PA","[PREMIUM]",15,"[]",,,"[PREMIUM]"
"83405a91-c9df-4c0b-ba68-5aa3caf6901f","2026-08-04 21:06:59.598","2026-08-04 21:06:59.598","83405a91-c9df-4c0b-ba68-5aa3caf6901f","[PREMIUM]","Used",2015,"Dodge","Grand Caravan","AVP/SE","[PREMIUM]","[PREMIUM]",177642,"Passenger Van","red","Black / Light Graystone","Front-wheel Drive",,,,,,"dealership","[PREMIUM]","Live Oak","FL","[PREMIUM]",7,"[]",,,"[PREMIUM]"
"9cf5c9c4-6969-48f5-829d-475e2e6b8f36","2026-08-04 21:06:29.199","2026-08-04 21:06:29.199","9cf5c9c4-6969-48f5-829d-475e2e6b8f36","[PREMIUM]","Used",2014,"Hyundai","SONATA","GLS","[PREMIUM]","[PREMIUM]",111234,"Sedan","black","Gray","Front-wheel Drive",,,"Gasoline",,,"dealership","[PREMIUM]","Reseda","CA","[PREMIUM]",29,"[]",,,"[PREMIUM]"
"d98ed871-59f0-4d3c-abe8-aa63e8058889","2026-08-04 20:44:43.579","2026-08-04 20:44:43.579","d98ed871-59f0-4d3c-abe8-aa63e8058889","[PREMIUM]","Used",2014,"Nissan","Rogue Select","S","[PREMIUM]","[PREMIUM]",135958,"SUV","red","Black","All-wheel Drive",,,"Gasoline",,,"dealership","[PREMIUM]","Bordentown","NJ","[PREMIUM]",51,"[]",,,"[PREMIUM]"
"dc4ea4fa-fa9a-46cc-b1d6-4fcc2114c73a","2026-08-04 20:41:03.756","2026-08-04 20:41:03.756","dc4ea4fa-fa9a-46cc-b1d6-4fcc2114c73a","[PREMIUM]","Used",2015,"Nissan","Altima","2.5 S","[PREMIUM]","[PREMIUM]",165749,"Sedan","red","Charcoal","Front-wheel Drive",,,"Gasoline",,,"dealership","[PREMIUM]","Dry Ridge","KY","[PREMIUM]",22,"[]",,,"[PREMIUM]"
"976901f0-8245-4c9b-89e5-f25bfd75f48f","2026-08-04 20:37:53.231","2026-08-04 20:37:53.231","976901f0-8245-4c9b-89e5-f25bfd75f48f","[PREMIUM]","Used",2014,"Mazda","Mazda2","Sport","[PREMIUM]","[PREMIUM]",149708,"Hatchback","red","Black","Front-wheel Drive",,,"Gasoline",,,"dealership","[PREMIUM]","Puyallup","WA","[PREMIUM]",17,"[]",,,"[PREMIUM]"
"eeb9ec89-e580-4834-83b5-fdcf7f17ab42","2026-08-04 20:37:53.221","2026-08-04 20:37:53.221","eeb9ec89-e580-4834-83b5-fdcf7f17ab42","[PREMIUM]","Used",2015,"Chevrolet","Cruze","LS","[PREMIUM]","[PREMIUM]",150055,"Sedan","white","Jet Black/Medium Titanium","Front-wheel Drive",,,"Gasoline",,,"dealership","[PREMIUM]","Alcoa","TN","[PREMIUM]",28,"[]",,,"[PREMIUM]"
"d0703232-8943-4580-8034-3d26a6bac8f2","2026-08-04 20:35:13.091","2026-08-04 20:35:13.091","d0703232-8943-4580-8034-3d26a6bac8f2","[PREMIUM]","Used",2015,"Mitsubishi","Outlander Sport","ES","[PREMIUM]","[PREMIUM]",137333,"SUV","white","Black","Four-wheel Drive",,,"Gasoline",,,"dealership","[PREMIUM]","Middlesboro","KY","[PREMIUM]",26,"[]",,,"[PREMIUM]"
"e43069fb-40b5-4f4c-9864-82cd4cd9393b","2026-08-04 20:33:32.981","2026-08-04 20:33:32.981","e43069fb-40b5-4f4c-9864-82cd4cd9393b","[PREMIUM]","Used",2014,"Subaru","Forester","2.5i","[PREMIUM]","[PREMIUM]",170000,"SUV","gold","Black","All-wheel Drive",,,"Gasoline",,,"dealership","[PREMIUM]","Birmingham","AL","[PREMIUM]",23,"[]",,,"[PREMIUM]"
"72d0fd92-7f0c-4d8b-898a-cb3ae6c1428f","2026-08-04 20:31:02.942","2026-08-04 20:31:02.942","72d0fd92-7f0c-4d8b-898a-cb3ae6c1428f","[PREMIUM]","Used",2015,"Chevrolet","Express 2500","Work Van","[PREMIUM]","[PREMIUM]",352038,"Cargo Van","white","Medium Pewter","Rear-wheel Drive",,,"Gasoline",,,"dealership","[PREMIUM]","Johnson City","TN","[PREMIUM]",33,"[]",,,"[PREMIUM]"
"ea103b7c-455f-45ba-a08d-6d781f7a4b23","2026-08-04 20:24:42.665","2026-08-04 20:24:42.665","ea103b7c-455f-45ba-a08d-6d781f7a4b23","[PREMIUM]","Used",2014,"Ford","Edge","SE","[PREMIUM]","[PREMIUM]",137918,"SUV","blue","Charcoal Black","All-wheel Drive",,,"Gasoline",,,"dealership","[PREMIUM]","Detroit","MI","[PREMIUM]",20,"[]",,,"[PREMIUM]"
"952c5a3d-7a35-4ce3-b247-4b0ca1bd031b","2026-08-04 19:55:21.828","2026-08-04 19:55:21.828","952c5a3d-7a35-4ce3-b247-4b0ca1bd031b","[PREMIUM]","Used",2015,"Kia","Forte","EX","[PREMIUM]","[PREMIUM]",112134,"Sedan","blue","Gray","Front-wheel Drive",,,"Gasoline",,,"dealership","[PREMIUM]","Hallstead","PA","[PREMIUM]",13,"[]",,,"[PREMIUM]"
"1bdde166-4597-4975-97a1-52fabe187a81","2026-08-04 19:51:51.784","2026-08-04 19:51:51.784","1bdde166-4597-4975-97a1-52fabe187a81","[PREMIUM]","Used",2015,"Nissan","Rogue Select","S","[PREMIUM]","[PREMIUM]",141745,"SUV","red","Gray","All-wheel Drive",,,"Gasoline",,,"dealership","[PREMIUM]","Louisville","KY","[PREMIUM]",32,"[]",,,"[PREMIUM]"
"796f4b3f-3cce-4f9d-958d-e7540f6fb9dd","2026-08-04 19:27:40.870","2026-08-04 19:27:40.870","796f4b3f-3cce-4f9d-958d-e7540f6fb9dd","[PREMIUM]","Used",2015,"Chevrolet","Cruze","2LT","[PREMIUM]","[PREMIUM]",118234,"Sedan","black","Black","Front-wheel Drive",,,"Gasoline",,,"dealership","[PREMIUM]","Chesaning","MI","[PREMIUM]",28,"[]",,,"[PREMIUM]"
"6a41fde1-ec1c-4633-ba7d-9e0abe091465","2026-08-04 18:59:59.944","2026-08-04 18:59:59.944","6a41fde1-ec1c-4633-ba7d-9e0abe091465","[PREMIUM]","Used",2015,"Ford","Fusion","SE","[PREMIUM]","[PREMIUM]",158145,"Sedan","gray",,"Front-wheel Drive",,,"Gasoline",,,"dealership","[PREMIUM]","North Augusta","SC","[PREMIUM]",17,"[]",,,"[PREMIUM]"
"16b03243-bb3a-4b6e-922e-4cc5a58248da","2026-08-04 18:51:29.573","2026-08-04 18:51:29.573","16b03243-bb3a-4b6e-922e-4cc5a58248da","[PREMIUM]","Used",2015,"Subaru","Impreza","2.0i","[PREMIUM]","[PREMIUM]",168257,"Wagon","black",,"All-wheel Drive",,,"Gasoline",,,"dealership","[PREMIUM]","Burlington","NC","[PREMIUM]",13,"[]",,,"[PREMIUM]"
"b053d53c-8afa-4cfc-8388-8d40e0926b01","2026-08-04 18:46:43.037","2026-08-04 18:46:43.037","b053d53c-8afa-4cfc-8388-8d40e0926b01","[PREMIUM]","Used",2015,"FIAT","500","Sport","[PREMIUM]","[PREMIUM]",75000,"Hatchback","gray","Nero (Black)","Front-wheel Drive",,,"Gasoline",,,"dealership","[PREMIUM]","Honolulu","HI","[PREMIUM]",10,"[]",,,"[PREMIUM]"
"026506e0-decf-466a-8892-7b0c08ea2a7c","2026-08-04 18:31:22.736","2026-08-04 18:31:22.736","026506e0-decf-466a-8892-7b0c08ea2a7c","[PREMIUM]","Used",2015,"Nissan","Pathfinder","S","[PREMIUM]","[PREMIUM]",103596,"SUV","black","Black","Four-wheel Drive",,,"Gasoline",,,"dealership","[PREMIUM]","Lynnwood","WA","[PREMIUM]",20,"[]",,,"[PREMIUM]"
"1a3503d3-ec59-4c95-ae83-990c6701ff3a","2026-08-04 18:28:12.589","2026-08-04 18:28:12.589","1a3503d3-ec59-4c95-ae83-990c6701ff3a","[PREMIUM]","Used",2015,"Nissan","Murano","SV","[PREMIUM]","[PREMIUM]",141597,"SUV","white",,"Front-wheel Drive",,,"Gasoline",,,"dealership","[PREMIUM]","Orlando","FL","[PREMIUM]",17,"[]",,,"[PREMIUM]"
"36bf048a-610d-4194-b60f-250f2890afdf","2026-08-04 18:28:02.509","2026-08-04 18:28:02.509","36bf048a-610d-4194-b60f-250f2890afdf","[PREMIUM]","Used",2015,"Kia","Optima Hybrid","Base","[PREMIUM]","[PREMIUM]",133018,"Sedan","black","Black","Front-wheel Drive",,,"Hybrid",,,"dealership","[PREMIUM]","Orlando","FL","[PREMIUM]",15,"[]",,,"[PREMIUM]"
"9b82a083-4f13-4854-9927-a28405145f55","2026-08-04 18:25:52.441","2026-08-04 18:25:52.441","9b82a083-4f13-4854-9927-a28405145f55","[PREMIUM]","Used",2015,"Nissan","Altima","2.5 SL","[PREMIUM]","[PREMIUM]",125142,"Sedan","white","Charcoal","Front-wheel Drive",,,"Gasoline",,,"dealership","[PREMIUM]","Orlando","FL","[PREMIUM]",10,"[]",,,"[PREMIUM]"
"4ed9a2d9-9711-4f95-9df4-9be572e64315","2026-08-04 18:25:42.368","2026-08-04 18:25:42.368","4ed9a2d9-9711-4f95-9df4-9be572e64315","[PREMIUM]","Used",2015,"Nissan","Altima","2.5 SL","[PREMIUM]","[PREMIUM]",113953,"Sedan","red","Tan","Front-wheel Drive",,,"Gasoline",,,"dealership","[PREMIUM]","Falls Church","VA","[PREMIUM]",23,"[]",,,"[PREMIUM]"
"1377cdb5-314b-4d32-9d6f-8d0e4c869f22","2026-08-04 18:23:32.388","2026-08-04 18:23:32.388","1377cdb5-314b-4d32-9d6f-8d0e4c869f22","[PREMIUM]","Used",2015,"Nissan","Leaf","SV","[PREMIUM]","[PREMIUM]",78514,"Hatchback","black","Black","Front-wheel Drive",,,"Electric",,,"dealership","[PREMIUM]","Duluth","GA","[PREMIUM]",27,"[]",,,"[PREMIUM]"
"76c130d3-2744-4154-9ea5-f568b91fb112","2026-08-04 18:16:42.024","2026-08-04 18:16:42.024","76c130d3-2744-4154-9ea5-f568b91fb112","[PREMIUM]","Used",2015,"BMW","X1","sDrive28i","[PREMIUM]","[PREMIUM]",103015,"SUV","gold","Beige","Rear-wheel Drive",,,"Gasoline",,,"dealership","[PREMIUM]","Tampa","FL","[PREMIUM]",22,"[]",,,"[PREMIUM]"
"ac396a96-7149-45f3-8959-30060270dbf4","2026-08-04 18:05:51.823","2026-08-04 18:05:51.823","ac396a96-7149-45f3-8959-30060270dbf4","[PREMIUM]","Used",2015,"Chevrolet","Equinox","LS","[PREMIUM]","[PREMIUM]",163218,"SUV","beige","Jet Black","Front-wheel Drive",,,"Gasoline",,,"dealership","[PREMIUM]","Defiance","OH","[PREMIUM]",17,"[]",,,"[PREMIUM]"
"c931b1f5-43fa-4dbf-b203-16a2f2630fa2","2026-08-04 17:51:51.711","2026-08-04 17:51:51.711","c931b1f5-43fa-4dbf-b203-16a2f2630fa2","[PREMIUM]","Used",2015,"MINI","Countryman","Cooper S ALL4","[PREMIUM]","[PREMIUM]",158902,"SUV","blue","Black","All-wheel Drive",,,"Gasoline",,,"dealership","[PREMIUM]","Orlando","FL","[PREMIUM]",47,"[]",,,"[PREMIUM]"
"c2f7070d-02b9-4d9e-a62e-6f6fda62c364","2026-08-04 17:48:51.348","2026-08-04 17:48:51.348","c2f7070d-02b9-4d9e-a62e-6f6fda62c364","[PREMIUM]","Used",2015,"GMC","Terrain","SLE-2","[PREMIUM]","[PREMIUM]",134665,"SUV","black","Jet Black","All-wheel Drive",,,"Gasoline",,,"dealership","[PREMIUM]","Akron","OH","[PREMIUM]",44,"[]",,,"[PREMIUM]"
"cf8f63de-588e-4e99-863d-56297d5aa898","2026-08-04 17:45:51.155","2026-08-04 17:45:51.155","cf8f63de-588e-4e99-863d-56297d5aa898","[PREMIUM]","Used",2015,"Ford","Escape","Titanium","[PREMIUM]","[PREMIUM]",155000,"SUV","silver","Beige","Four-wheel Drive",,,"Gasoline",,,"dealership","[PREMIUM]","New Castle","DE","[PREMIUM]",9,"[]",,,"[PREMIUM]"
"c52dc00c-839b-4b34-a7f0-212e62aa4655","2026-08-04 17:28:20.619","2026-08-04 17:28:20.619","c52dc00c-839b-4b34-a7f0-212e62aa4655","[PREMIUM]","Used",2015,"Volvo","XC60","T6 R-Design","[PREMIUM]","[PREMIUM]",121666,"SUV","white","Black","All-wheel Drive",,,"Gasoline",,,"dealership","[PREMIUM]","Phoenix","AZ","[PREMIUM]",3,"[]",,,"[PREMIUM]"
"b021e9d8-5227-4c52-90de-97cefe1820fb","2026-08-04 17:25:00.270","2026-08-04 17:25:00.270","b021e9d8-5227-4c52-90de-97cefe1820fb","[PREMIUM]","Used",2015,"Nissan","NV200","S","[PREMIUM]","[PREMIUM]",169019,,"white","Gray","Front-wheel Drive",,,"Gasoline",,,"dealership","[PREMIUM]","CLAYTON","NJ","[PREMIUM]",34,"[]",,,"[PREMIUM]"
"d74eef31-e462-41a7-a2cb-66afb0bcd13b","2026-08-04 17:07:09.883","2026-08-04 17:07:09.883","d74eef31-e462-41a7-a2cb-66afb0bcd13b","[PREMIUM]","Used",2015,"Ford","C-Max Hybrid","SEL","[PREMIUM]","[PREMIUM]",138000,"Hatchback","red","Beige","Front-wheel Drive",,,"Hybrid",,,"private","[PREMIUM]",,,"[PREMIUM]",7,"[]",,,"[PREMIUM]"
"96349689-0f9b-4b76-9f78-903cb16c46f3","2026-08-04 16:56:59.485","2026-08-04 16:56:59.485","96349689-0f9b-4b76-9f78-903cb16c46f3","[PREMIUM]","Used",2015,"Nissan","Leaf","S","[PREMIUM]","[PREMIUM]",73000,"Hatchback","gray","Black","Front-wheel Drive",,,"Electric",,,"dealership","[PREMIUM]","Honolulu","HI","[PREMIUM]",12,"[]",,,"[PREMIUM]"
"b21570db-d831-4002-a7e5-82a9a03b5ba5","2026-08-04 16:43:41.886","2026-08-04 16:43:41.886","b21570db-d831-4002-a7e5-82a9a03b5ba5","[PREMIUM]","Used",2015,"Hyundai","SONATA","Sport","[PREMIUM]","[PREMIUM]",125923,"Sedan","blue","Beige","Front-wheel Drive",,,"Gasoline",,,"dealership","[PREMIUM]","Reseda","CA","[PREMIUM]",29,"[]",,,"[PREMIUM]"
"e871369b-7d76-4ecf-aae8-ac26ae291ac7","2026-08-04 16:40:02.161","2026-08-04 16:40:02.161","e871369b-7d76-4ecf-aae8-ac26ae291ac7","[PREMIUM]","Used",2015,"Buick","LaCrosse","Premium II","[PREMIUM]","[PREMIUM]",126631,"Sedan","black","Sangria","Front-wheel Drive",,,"E85 Flex Fuel",,,"dealership","[PREMIUM]","Venice","FL","[PREMIUM]",5,"[]",,,"[PREMIUM]"
"8c1b010b-ea64-4923-90bc-4b2edf1cc000","2026-08-04 16:33:51.600","2026-08-04 16:33:51.600","8c1b010b-ea64-4923-90bc-4b2edf1cc000","[PREMIUM]","Used",2015,"Subaru","Forester","2.5i","[PREMIUM]","[PREMIUM]",185266,"SUV","red","Gray","All-wheel Drive",,,"Gasoline",,,"dealership","[PREMIUM]","Chantilly","VA","[PREMIUM]",20,"[]",,,"[PREMIUM]"
"aa7d1f94-2205-4b10-96aa-7fe718d473b4","2026-08-04 16:19:41.031","2026-08-04 16:19:41.031","aa7d1f94-2205-4b10-96aa-7fe718d473b4","[PREMIUM]","Used",2015,"Chrysler","200","Limited","[PREMIUM]","[PREMIUM]",180591,"Sedan","white","Black","Front-wheel Drive",,,"Gasoline",,,"dealership","[PREMIUM]","Waco","TX","[PREMIUM]",13,"[]",,,"[PREMIUM]"
"a5df40eb-ddca-49ce-8d3b-01e183276048","2026-08-04 16:08:00.832","2026-08-04 16:08:00.832","a5df40eb-ddca-49ce-8d3b-01e183276048","[PREMIUM]","Used",2015,"Kia","K900","Premium","[PREMIUM]","[PREMIUM]",154762,"Sedan","silver","Black","Rear-wheel Drive",,,"Gasoline",,,"dealership","[PREMIUM]","Lewisville","TX","[PREMIUM]",18,"[]",,,"[PREMIUM]"
"23a0a97c-ba0e-4325-9f10-f35ed004bef9","2026-08-04 15:58:20.700","2026-08-04 15:58:20.700","23a0a97c-ba0e-4325-9f10-f35ed004bef9","[PREMIUM]","Used",2015,"Mitsubishi","Mirage","RF","[PREMIUM]","[PREMIUM]",102807,"Hatchback","red","Black","Front-wheel Drive",,,"Gasoline",,,"dealership","[PREMIUM]","Puyallup","WA","[PREMIUM]",17,"[]",,,"[PREMIUM]"
"4f4e8564-e91c-4f66-a0d3-6b6057b79825","2026-08-04 15:55:20.569","2026-08-04 15:55:20.569","4f4e8564-e91c-4f66-a0d3-6b6057b79825","[PREMIUM]","Used",2016,"Nissan","Versa","1.6 SV","[PREMIUM]","[PREMIUM]",109360,"Sedan","white","Charcoal","Front-wheel Drive",,,"Gasoline",,,"dealership","[PREMIUM]","Howell","MI","[PREMIUM]",22,"[]",,,"[PREMIUM]"
"49128da2-a027-4c78-9808-218fe5f96d83","2026-08-04 15:43:00.003","2026-08-04 15:43:00.003","49128da2-a027-4c78-9808-218fe5f96d83","[PREMIUM]","Used",2015,"Nissan","Rogue Select","S","[PREMIUM]","[PREMIUM]",69999,"SUV","black","Black","Front-wheel Drive",,,"Gasoline",,,"dealership","[PREMIUM]","Lynwood","CA","[PREMIUM]",11,"[]",,,"[PREMIUM]"
"cd7c8440-1e65-4525-9f1d-e8e0ce7ff03c","2026-08-04 15:42:49.951","2026-08-04 15:42:49.951","cd7c8440-1e65-4525-9f1d-e8e0ce7ff03c","[PREMIUM]","Used",2016,"Chevrolet","Sonic","LT","[PREMIUM]","[PREMIUM]",126077,"Hatchback","green","Jet Black/Dark Titanium","Front-wheel Drive",,,"Gasoline",,,"dealership","[PREMIUM]","DuBois","PA","[PREMIUM]",25,"[]",,,"[PREMIUM]"
"580e3dd8-9f4e-4349-a643-064491f1f1eb","2026-08-04 15:24:19.302","2026-08-04 15:24:19.302","580e3dd8-9f4e-4349-a643-064491f1f1eb","[PREMIUM]","Used",2016,"Dodge","Grand Caravan","AVP/SE","[PREMIUM]","[PREMIUM]",248433,"Passenger Van","white","Black/Light Graystone","Front-wheel Drive",,,"Gasoline",,,"dealership","[PREMIUM]","Fayetteville","TN","[PREMIUM]",4,"[]",,,"[PREMIUM]"
"cc523810-38ae-4cfd-9587-7fa7c4254294","2026-08-04 15:15:18.961","2026-08-04 15:15:18.961","cc523810-38ae-4cfd-9587-7fa7c4254294","[PREMIUM]","Used",2016,"Ford","Escape","SE","[PREMIUM]","[PREMIUM]",153293,"SUV","gray","Gray","Four-wheel Drive",,,"Gasoline",,,"dealership","[PREMIUM]","Chesaning","MI","[PREMIUM]",30,"[]",,,"[PREMIUM]"
"aa465eca-7a90-48c7-a08f-c8f84cea679b","2026-08-04 14:58:08.520","2026-08-04 14:58:08.520","aa465eca-7a90-48c7-a08f-c8f84cea679b","[PREMIUM]","Used",2016,"Chevrolet","Cruze Limited","1LT","[PREMIUM]","[PREMIUM]",145116,"Sedan","silver","Black","Front-wheel Drive",,,"Gasoline",,,"dealership","[PREMIUM]","Anaheim","CA","[PREMIUM]",26,"[]",,,"[PREMIUM]"
"e04e80dc-3d02-452e-b069-15b82cc336a8","2026-08-04 14:55:18.355","2026-08-04 14:55:18.355","e04e80dc-3d02-452e-b069-15b82cc336a8","[PREMIUM]","Used",2016,"Subaru","Impreza","2.0i","[PREMIUM]","[PREMIUM]",149742,"Sedan","silver","Black","All-wheel Drive",,,"Gasoline",,,"dealership","[PREMIUM]","Orlando","FL","[PREMIUM]",15,"[]",,,"[PREMIUM]"
"c357fc6d-d126-4acd-8000-62ea37d062a0","2026-08-04 14:49:12.916","2026-08-04 14:49:12.916","c357fc6d-d126-4acd-8000-62ea37d062a0","[PREMIUM]","Used",2016,"Jeep","Patriot","Latitude","[PREMIUM]","[PREMIUM]",124538,"SUV","gray","Dark Slate Gray","Front-wheel Drive",,,"Gasoline",,,"dealership","[PREMIUM]","Los Angeles","CA","[PREMIUM]",33,"[]",,,"[PREMIUM]"
"b1613cac-a23c-4410-b782-170c5af5596a","2026-08-04 14:49:02.904","2026-08-04 14:49:02.904","b1613cac-a23c-4410-b782-170c5af5596a","[PREMIUM]","Used",2016,"Ford","Fusion","SE","[PREMIUM]","[PREMIUM]",175000,"Sedan","black","Black","Front-wheel Drive",,,"Gasoline",,,"dealership","[PREMIUM]","Stillwater","MN","[PREMIUM]",12,"[]",,,"[PREMIUM]"
"a5ca231c-8f51-4330-a787-a4e41bbc23bc","2026-08-04 14:25:12.391","2026-08-04 14:25:12.391","a5ca231c-8f51-4330-a787-a4e41bbc23bc","[PREMIUM]","Used",2016,"Chevrolet","Impala","LTZ","[PREMIUM]","[PREMIUM]",208520,"Sedan","silver","Dark Titanium/Jet Black","Front-wheel Drive",,,"Gasoline",,,"dealership","[PREMIUM]","Orlando","FL","[PREMIUM]",14,"[]",,,"[PREMIUM]"
"88944133-4d0b-4803-a8c1-afa95fe63230","2026-08-04 14:18:22.298","2026-08-04 14:18:22.298","88944133-4d0b-4803-a8c1-afa95fe63230","[PREMIUM]","Used",2016,"Chevrolet","Trax","LTZ","[PREMIUM]","[PREMIUM]",135744,"SUV","gray",,"All-wheel Drive",,,"Gasoline",,,"dealership","[PREMIUM]","East Windsor","CT","[PREMIUM]",18,"[]",,,"[PREMIUM]"
"dd6d25a1-addf-4859-b053-67dd8a947c39","2026-08-04 14:05:41.943","2026-08-04 14:05:41.943","dd6d25a1-addf-4859-b053-67dd8a947c39","[PREMIUM]","Used",2016,"Ford","Taurus","SEL","[PREMIUM]","[PREMIUM]",163000,"Sedan","brown","Brown","Front-wheel Drive",,,"Gasoline",,,"private","[PREMIUM]",,,"[PREMIUM]",13,"[]",,,"[PREMIUM]"
"3d688c5b-6116-47dc-9386-8ca235baa9da","2026-08-04 13:41:51.111","2026-08-04 13:41:51.111","3d688c5b-6116-47dc-9386-8ca235baa9da","[PREMIUM]","Used",2016,"Chevrolet","Cruze Limited","LTZ","[PREMIUM]","[PREMIUM]",115440,"Sedan","black","Black","Front-wheel Drive",,,"Gasoline",,,"dealership","[PREMIUM]","Wickliffe","OH","[PREMIUM]",52,"[]",,,"[PREMIUM]"
"8a289408-d0be-4114-bdd9-6e0ad10d8240","2026-08-04 13:36:10.899","2026-08-04 13:36:10.899","8a289408-d0be-4114-bdd9-6e0ad10d8240","[PREMIUM]","Used",2016,"Chevrolet","Colorado","WT","[PREMIUM]","[PREMIUM]",152000,"Truck","black","Gray","Rear-wheel Drive",,,"Gasoline",,,"private","[PREMIUM]",,,"[PREMIUM]",10,"[]",,,"[PREMIUM]"
"673ffbf8-830f-4fc6-a339-526e8cab3225","2026-08-04 13:27:40.505","2026-08-04 13:27:40.505","673ffbf8-830f-4fc6-a339-526e8cab3225","[PREMIUM]","Used",2016,"BMW","550","550i 4dr Sedan","[PREMIUM]","[PREMIUM]",215334,"Sedan","black","Black","Rear-wheel Drive",,,"Gasoline",,,"dealership","[PREMIUM]","Richmond","VA","[PREMIUM]",15,"[]",,,"[PREMIUM]"
"5bffa8e2-0363-4f16-aa44-5b57fcb9cff8","2026-08-04 13:08:10.005","2026-08-04 13:08:10.005","5bffa8e2-0363-4f16-aa44-5b57fcb9cff8","[PREMIUM]","Used",2016,"Dodge","Dart","SXT Sport","[PREMIUM]","[PREMIUM]",197250,"Sedan","blue","Black","Front-wheel Drive",,,"E85 Flex Fuel",,,"dealership","[PREMIUM]","Pasadena","TX","[PREMIUM]",23,"[]",,,"[PREMIUM]"
"0476d3c7-83b3-45ac-8cee-542c54196746","2026-08-04 12:59:49.528","2026-08-04 12:59:49.528","0476d3c7-83b3-45ac-8cee-542c54196746","[PREMIUM]","Used",2016,"Nissan","Altima","2.5 S","[PREMIUM]","[PREMIUM]",135910,"Sedan","black","BLACK","Front-wheel Drive",,,"Gasoline",,,"dealership","[PREMIUM]","Lynwood","CA","[PREMIUM]",11,"[]",,,"[PREMIUM]"
"af99c1e1-79fd-471f-b3fe-4831cc88d564","2026-08-04 12:55:29.448","2026-08-04 12:55:29.448","af99c1e1-79fd-471f-b3fe-4831cc88d564","[PREMIUM]","Used",2016,"Hyundai","Veloster","Turbo R-Spec","[PREMIUM]","[PREMIUM]",122000,"Hatchback","white","Red","Front-wheel Drive",,,"Gasoline",,,"dealership","[PREMIUM]","San Antonio","TX","[PREMIUM]",24,"[]",,,"[PREMIUM]"
"814d7d7d-e81e-4c5b-93d6-82b7118c6adc","2026-08-04 12:36:52.968","2026-08-04 12:36:52.968","814d7d7d-e81e-4c5b-93d6-82b7118c6adc","[PREMIUM]","Used",2016,"Lincoln","MKX","Reserve","[PREMIUM]","[PREMIUM]",207000,"SUV","beige","Beige","All-wheel Drive",,,"Gasoline",,,"private","[PREMIUM]",,,"[PREMIUM]",13,"[]",,,"[PREMIUM]"
"6e0439fb-9ce4-41da-b233-b2091a160044","2026-08-04 12:18:02.507","2026-08-04 12:18:02.507","6e0439fb-9ce4-41da-b233-b2091a160044","[PREMIUM]","Used",2017,"Hyundai","SONATA","Sport","[PREMIUM]","[PREMIUM]",172549,"Sedan","brown","Gray","Front-wheel Drive",,,"Gasoline",,,"dealership","[PREMIUM]","Libertyville","IL","[PREMIUM]",26,"[]",,,"[PREMIUM]"
"5dc0dd0a-ceff-4603-b0b4-966d8d7a67fe","2026-08-04 12:01:42.196","2026-08-04 12:01:42.196","5dc0dd0a-ceff-4603-b0b4-966d8d7a67fe","[PREMIUM]","Used",2017,"Dodge","Grand Caravan","GT","[PREMIUM]","[PREMIUM]",231020,"Passenger Van","red","Black","Front-wheel Drive",,,"Gasoline",,,"dealership","[PREMIUM]","Greensburg","IN","[PREMIUM]",31,"[]",,,"[PREMIUM]"
"3b8ec377-c050-4815-852b-94d5fe3ae44d","2026-08-04 11:53:31.856","2026-08-04 11:53:31.856","3b8ec377-c050-4815-852b-94d5fe3ae44d","[PREMIUM]","Used",2016,"Volkswagen","Jetta","1.4T S w/Technology","[PREMIUM]","[PREMIUM]",129153,"Sedan","gray","Black","Front-wheel Drive",,,"Gasoline",,,"dealership","[PREMIUM]","Wickliffe","OH","[PREMIUM]",51,"[]",,,"[PREMIUM]"
"33c0a2cb-8d62-44c2-9141-ff65340fe8c0","2026-08-04 11:53:01.834","2026-08-04 11:53:01.834","33c0a2cb-8d62-44c2-9141-ff65340fe8c0","[PREMIUM]","Used",2016,"Jeep","Compass","Latitude","[PREMIUM]","[PREMIUM]",170573,"SUV","silver","Dark Slate Gray","Four-wheel Drive",,,"Gasoline",,,"dealership","[PREMIUM]","Salem","OH","[PREMIUM]",41,"[]",,,"[PREMIUM]"
"5bd5d2d1-4ad5-4675-be6b-00061a77728f","2026-08-04 11:27:00.914","2026-08-04 11:27:00.914","5bd5d2d1-4ad5-4675-be6b-00061a77728f","[PREMIUM]","Used",2016,"Jeep","Patriot","Sport","[PREMIUM]","[PREMIUM]",115887,"SUV","black","Dark Slate Gray","Front-wheel Drive",,,"Gasoline",,,"dealership","[PREMIUM]","Portland","OR","[PREMIUM]",19,"[]",,,"[PREMIUM]"
"64415526-5ebe-47da-9664-16e8a85e99a3","2026-08-04 11:25:10.850","2026-08-04 11:25:10.850","64415526-5ebe-47da-9664-16e8a85e99a3","[PREMIUM]","Used",2017,"Kia","Sedona","LX","[PREMIUM]","[PREMIUM]",192772,"Passenger Van","white","Gray","Front-wheel Drive",,,"Gasoline",,,"dealership","[PREMIUM]","Hattiesburg","MS","[PREMIUM]",37,"[]",,,"[PREMIUM]"
"29614467-197a-4fe9-bf80-c986405a9f90","2026-08-04 11:22:40.603","2026-08-04 11:22:40.603","29614467-197a-4fe9-bf80-c986405a9f90","[PREMIUM]","Used",2016,"Chevrolet","Cruze Limited","LS","[PREMIUM]","[PREMIUM]",127910,"Sedan","blue","BLACK","Front-wheel Drive",,,"Gasoline",,,"dealership","[PREMIUM]","Lynwood","CA","[PREMIUM]",10,"[]",,,"[PREMIUM]"
"3cba2d6e-3eef-4462-8056-f0ba4e704b87","2026-08-04 11:22:30.475","2026-08-04 11:22:30.475","3cba2d6e-3eef-4462-8056-f0ba4e704b87","[PREMIUM]","Used",2017,"Buick","Verano","Sport Touring","[PREMIUM]","[PREMIUM]",162939,"Sedan","red","Medium Titanium","Front-wheel Drive",,,"Gasoline",,,"dealership","[PREMIUM]","Okemos","MI","[PREMIUM]",24,"[]",,,"[PREMIUM]"
"5206bf95-1481-4995-98ab-4d0c514c3404","2026-08-04 11:17:00.219","2026-08-04 11:17:00.219","5206bf95-1481-4995-98ab-4d0c514c3404","[PREMIUM]","Used",2016,"Ford","Fiesta","S","[PREMIUM]","[PREMIUM]",102264,"Sedan","black","Charcoal Black","Front-wheel Drive",,,"Gasoline",,,"dealership","[PREMIUM]","CLAYTON","NJ","[PREMIUM]",27,"[]",,,"[PREMIUM]"
"b250a094-d4cf-468b-b33f-4c27262f9c50","2026-08-04 10:48:03.065","2026-08-04 10:48:03.065","b250a094-d4cf-468b-b33f-4c27262f9c50","[PREMIUM]","Used",2017,"Nissan","Versa Note","SV","[PREMIUM]","[PREMIUM]",178752,"Hatchback","white","Charcoal","Front-wheel Drive",,,"Gasoline",,,"dealership","[PREMIUM]","San Jose","CA","[PREMIUM]",27,"[]",,,"[PREMIUM]"
"45ef75e0-e580-44c5-8f93-8a7574267e7c","2026-08-04 10:28:52.691","2026-08-04 10:28:52.691","45ef75e0-e580-44c5-8f93-8a7574267e7c","[PREMIUM]","Used",2016,"Ford","Edge","SEL","[PREMIUM]","[PREMIUM]",149808,"SUV","black","Black","Front-wheel Drive",,,"Gasoline",,,"dealership","[PREMIUM]","Phoenix","AZ","[PREMIUM]",6,"[]",,,"[PREMIUM]"
"52be313d-529c-4ef8-8b68-e36e8c32ba72","2026-08-04 10:26:22.628","2026-08-04 10:26:22.628","52be313d-529c-4ef8-8b68-e36e8c32ba72","[PREMIUM]","Used",2017,"Jeep","Cherokee","Latitude","[PREMIUM]","[PREMIUM]",194793,"SUV","white","Black","Four-wheel Drive",,,"Gasoline",,,"dealership","[PREMIUM]","Boone","IA","[PREMIUM]",18,"[]",,,"[PREMIUM]"
"55f79f86-bc65-4a65-992c-b9d9e427d888","2026-08-04 10:23:42.404","2026-08-04 10:23:42.404","55f79f86-bc65-4a65-992c-b9d9e427d888","[PREMIUM]","Used",2017,"Volkswagen","Jetta","1.4T S","[PREMIUM]","[PREMIUM]",118888,"Sedan","gray","Titan Black/Palladium Gray","Front-wheel Drive",,,"Gasoline",,,"dealership","[PREMIUM]","Port Richey","FL","[PREMIUM]",11,"[]",,,"[PREMIUM]"
"fd04bc52-73c5-43a1-ba6a-4ec44dda4384","2026-08-04 10:12:02.271","2026-08-04 10:12:02.271","fd04bc52-73c5-43a1-ba6a-4ec44dda4384","[PREMIUM]","Used",2017,"Volkswagen","Golf","TSI S 4-Door","[PREMIUM]","[PREMIUM]",206733,"Hatchback","black","Titan Black","Front-wheel Drive",,,"Gasoline",,,"dealership","[PREMIUM]","Carlsbad","CA","[PREMIUM]",25,"[]",,,"[PREMIUM]"
"1329b810-da72-4a6b-9490-ace10a2e0138","2026-08-04 10:07:32.048","2026-08-04 10:07:32.048","1329b810-da72-4a6b-9490-ace10a2e0138","[PREMIUM]","Used",2017,"Chevrolet","Sonic","LT","[PREMIUM]","[PREMIUM]",128897,"Sedan","gray","Jet Black/Dark Titanium","Front-wheel Drive",,,"Gasoline",,,"dealership","[PREMIUM]","Plymouth","WI","[PREMIUM]",35,"[]",,,"[PREMIUM]"
"203da39d-dc51-4bc2-90ce-2d514da8148d","2026-08-04 10:03:11.902","2026-08-04 10:03:11.902","203da39d-dc51-4bc2-90ce-2d514da8148d","[PREMIUM]","Used",2017,"Nissan","Altima","2.5 S","[PREMIUM]","[PREMIUM]",177821,"Sedan","gray","Black","Front-wheel Drive",,,"Gasoline",,,"dealership","[PREMIUM]","Costa Mesa","CA","[PREMIUM]",17,"[]",,,"[PREMIUM]"
"c1d8f4f3-7693-4a0c-bcad-cc73961bbdbe","2026-08-04 09:40:30.920","2026-08-04 09:40:30.920","c1d8f4f3-7693-4a0c-bcad-cc73961bbdbe","[PREMIUM]","Used",2017,"Chevrolet","Sonic","LT","[PREMIUM]","[PREMIUM]",147357,"Sedan","red","Dark Pewter/Dark Titanium","Front-wheel Drive",,,"Gasoline",,,"dealership","[PREMIUM]","Merritt Island","FL","[PREMIUM]",27,"[]",,,"[PREMIUM]"
"c51a35ba-2499-4261-9aa9-fb46ca09e156","2026-08-04 09:31:10.519","2026-08-04 09:31:10.519","c51a35ba-2499-4261-9aa9-fb46ca09e156","[PREMIUM]","Used",2017,"Chevrolet","Equinox","1LT","[PREMIUM]","[PREMIUM]",157790,"SUV","red","BLACK","Front-wheel Drive",,,"Gasoline",,,"dealership","[PREMIUM]","Orlando","FL","[PREMIUM]",13,"[]",,,"[PREMIUM]"
"5397adc0-6db5-4e98-8b7a-b8bea7cfc5fd","2026-08-04 08:16:10.914","2026-08-04 08:16:10.914","5397adc0-6db5-4e98-8b7a-b8bea7cfc5fd","[PREMIUM]","Used",2017,"Chevrolet","Traverse","2LT","[PREMIUM]","[PREMIUM]",290475,"SUV","black","Ebony","All-wheel Drive",,,"Gasoline",,,"dealership","[PREMIUM]","Sheboygan","WI","[PREMIUM]",32,"[]",,,"[PREMIUM]"
"a559742a-346f-4171-a4fe-714c7be6ef11","2026-08-04 07:58:20.559","2026-08-04 07:58:20.559","a559742a-346f-4171-a4fe-714c7be6ef11","[PREMIUM]","Used",2017,"Dodge","Journey","SE","[PREMIUM]","[PREMIUM]",0,"SUV","gray","Black","Front-wheel Drive",,,"Gasoline",,,"dealership","[PREMIUM]","Gilroy","CA","[PREMIUM]",27,"[]",,,"[PREMIUM]"
"48cfd1b9-359d-4f42-b585-fad0d285da7c","2026-08-04 07:42:40.113","2026-08-04 07:42:40.113","48cfd1b9-359d-4f42-b585-fad0d285da7c","[PREMIUM]","Used",2017,"Hyundai","Accent","Value Edition","[PREMIUM]","[PREMIUM]",104258,"Sedan","black","Gray","Front-wheel Drive",,,"Gasoline",,,"dealership","[PREMIUM]","Tampa","FL","[PREMIUM]",18,"[]",,,"[PREMIUM]"
"255509b3-79cb-4d9f-b734-6195f485dd81","2026-08-04 07:34:29.810","2026-08-04 07:34:29.810","255509b3-79cb-4d9f-b734-6195f485dd81","[PREMIUM]","Used",2018,"Nissan","Versa Note","SV","[PREMIUM]","[PREMIUM]",108495,"Hatchback","silver","Charcoal","Front-wheel Drive",,,"Gasoline",,,"dealership","[PREMIUM]","Blue Springs","MO","[PREMIUM]",7,"[]",,,"[PREMIUM]"
"9a9f7945-535f-4f26-a179-09e15cb37e18","2026-08-04 07:11:39.194","2026-08-04 07:11:39.194","9a9f7945-535f-4f26-a179-09e15cb37e18","[PREMIUM]","Used",2018,"Nissan","Sentra","SV","[PREMIUM]","[PREMIUM]",145410,"Sedan","gray","Black","Front-wheel Drive",,,"Gasoline",,,"dealership","[PREMIUM]","Wickliffe","OH","[PREMIUM]",53,"[]",,,"[PREMIUM]"
"1bf94d08-1fc4-46f3-b23b-2559f0059fe2","2026-08-04 06:40:13.427","2026-08-04 06:40:13.427","1bf94d08-1fc4-46f3-b23b-2559f0059fe2","[PREMIUM]","Used",2018,"Chevrolet","Impala","1LT","[PREMIUM]","[PREMIUM]",249814,"Sedan","blue","Black","Front-wheel Drive",,,"Gasoline",,,"private","[PREMIUM]",,,"[PREMIUM]",16,"[]",,,"[PREMIUM]"
"2f456e52-81c8-4433-a624-7eeac1ce112d","2026-08-04 06:31:43.152","2026-08-04 06:31:43.152","2f456e52-81c8-4433-a624-7eeac1ce112d","[PREMIUM]","Used",2018,"Ford","Focus","SE","[PREMIUM]","[PREMIUM]",95187,"Sedan","black","Charcoal Black","Front-wheel Drive",,,"Gasoline",,,"dealership","[PREMIUM]","McKeesport","PA","[PREMIUM]",12,"[]",,,"[PREMIUM]"
"ea6b7907-e78f-4046-ab91-09be62a9a4a6","2026-08-04 06:29:03.502","2026-08-04 06:29:03.502","ea6b7907-e78f-4046-ab91-09be62a9a4a6","[PREMIUM]","Used",2019,"Ford","Fiesta","SE Sedan","[PREMIUM]","[PREMIUM]",189000,"Sedan","white","Tan","Front-wheel Drive",,,"Gasoline",,,"dealership","[PREMIUM]","Glendale","AZ","[PREMIUM]",13,"[]",,,"[PREMIUM]"
"b6e9414e-9f6c-413f-988a-3ece109a27ac","2026-08-04 06:14:12.544","2026-08-04 06:14:12.544","b6e9414e-9f6c-413f-988a-3ece109a27ac","[PREMIUM]","Used",2018,"Ford","Fiesta","SE","[PREMIUM]","[PREMIUM]",74477,"Sedan","gray","Black","Front-wheel Drive",,,"Gasoline",,,"dealership","[PREMIUM]","Phoenix","AZ","[PREMIUM]",3,"[]",,,"[PREMIUM]"
"af5ad65e-9eba-4d5f-bc7e-cd372cbd4191","2026-08-04 06:14:02.532","2026-08-04 06:14:02.532","af5ad65e-9eba-4d5f-bc7e-cd372cbd4191","[PREMIUM]","Used",2019,"Nissan","Sentra","SR","[PREMIUM]","[PREMIUM]",127477,"Sedan","gray","Gray","Front-wheel Drive",,,"Gasoline",,,"dealership","[PREMIUM]","Dallas","TX","[PREMIUM]",15,"[]",,,"[PREMIUM]"
"d7987a3e-8004-44ca-9c05-d49a96881152","2026-08-04 05:51:01.626","2026-08-04 05:51:01.626","d7987a3e-8004-44ca-9c05-d49a96881152","[PREMIUM]","Used",2018,"Ford","Explorer","XLT","[PREMIUM]","[PREMIUM]",187011,"SUV","white","Black","Front-wheel Drive",,,"Gasoline",,,"dealership","[PREMIUM]","Phoenix","AZ","[PREMIUM]",6,"[]",,,"[PREMIUM]"
"4403ce1f-afb3-46cf-bcf5-f4d1f2126a07","2026-08-04 05:22:41.018","2026-08-04 05:22:41.018","4403ce1f-afb3-46cf-bcf5-f4d1f2126a07","[PREMIUM]","Used",2020,"Buick","Envision","FWD Essence","[PREMIUM]","[PREMIUM]",39161,"SUV","white","Light Neutral w/Ebony Accents","Front-wheel Drive",,,"Gasoline",,,"dealership","[PREMIUM]","Grand Prairie","TX","[PREMIUM]",24,"[]",,,"[PREMIUM]"
"8c26a514-d34a-435f-99c3-358bf3d57d02","2026-08-04 04:37:41.749","2026-08-04 04:37:41.749","8c26a514-d34a-435f-99c3-358bf3d57d02","[PREMIUM]","Used",2022,"Ford","Escape","SE","[PREMIUM]","[PREMIUM]",125526,"SUV","silver",,"Front-wheel Drive",,,"Gasoline",,,"dealership","[PREMIUM]","Hollywood","FL","[PREMIUM]",12,"[]",,,"[PREMIUM]"
"bf725c26-399b-4da6-bdc1-a4bcb48d3df1","2026-08-04 04:11:41.305","2026-08-04 04:11:41.305","bf725c26-399b-4da6-bdc1-a4bcb48d3df1","[PREMIUM]","Used",1999,"Toyota","4Runner","SR5","[PREMIUM]","[PREMIUM]",346984,"SUV","silver","Gray","Four-wheel Drive",,,"Gasoline",,,"dealership","[PREMIUM]","Rock Hill","SC","[PREMIUM]",12,"[]",,,"[PREMIUM]"
"6f810a7f-e896-4b93-9c46-432a655ad44e","2026-08-04 04:03:30.991","2026-08-04 04:03:30.991","6f810a7f-e896-4b93-9c46-432a655ad44e","[PREMIUM]","Used",2020,"Ford","Utility Police Interceptor","Base","[PREMIUM]","[PREMIUM]",1,"SUV","white","Black","All-wheel Drive",,,"Gasoline",,,"dealership","[PREMIUM]","Miami","FL","[PREMIUM]",16,"[]",,,"[PREMIUM]"
"9bbc6856-4bc2-4dfa-9f9a-7fb9ba0c2401","2026-08-04 03:39:40.383","2026-08-04 03:39:40.383","9bbc6856-4bc2-4dfa-9f9a-7fb9ba0c2401","[PREMIUM]","Used",2000,"Ford","Taurus","SES","[PREMIUM]","[PREMIUM]",165102,"Sedan",,,"Front-wheel Drive",,,"Gasoline",,,"dealership","[PREMIUM]","Owensboro","KY","[PREMIUM]",24,"[]",,,"[PREMIUM]"
"af80a100-a0da-4308-8fa2-be110689e45d","2026-08-04 03:35:50.131","2026-08-04 03:35:50.131","af80a100-a0da-4308-8fa2-be110689e45d","[PREMIUM]","Used",2000,"Chevrolet","Silverado 1500","LT Extended Cab","[PREMIUM]","[PREMIUM]",176271,"Truck","black",,"Four-wheel Drive",,,"Gasoline",,,"dealership","[PREMIUM]","Independence","MO","[PREMIUM]",14,"[]",,,"[PREMIUM]"
"16b84f49-0ed0-4852-a0b6-865f1b670107","2026-08-04 03:26:09.789","2026-08-04 03:26:09.789","16b84f49-0ed0-4852-a0b6-865f1b670107","[PREMIUM]","Used",1998,"Honda","Civic","LX","[PREMIUM]","[PREMIUM]",88980,"Sedan","gray","Black","Front-wheel Drive",,,"Gasoline",,,"dealership","[PREMIUM]","Elizabeth","NJ","[PREMIUM]",7,"[]",,,"[PREMIUM]"
"9bb053f1-4995-4bf6-837f-7b6e275c6282","2026-08-04 02:58:19.086","2026-08-04 02:58:19.086","9bb053f1-4995-4bf6-837f-7b6e275c6282","[PREMIUM]","Used",2001,"Pontiac","Sunfire","SE","[PREMIUM]","[PREMIUM]",81732,"Sedan","beige","Graphite","Front-wheel Drive",,,"Gasoline",,,"dealership","[PREMIUM]","Highland Park","IL","[PREMIUM]",11,"[]",,,"[PREMIUM]"
"144e27fd-a172-4ff1-9f41-31ffb4dde239","2026-08-04 02:56:38.812","2026-08-04 02:56:38.812","144e27fd-a172-4ff1-9f41-31ffb4dde239","[PREMIUM]","Used",2000,"Toyota","Avalon","XL","[PREMIUM]","[PREMIUM]",214952,"Sedan",,,"Front-wheel Drive",,,"Gasoline",,,"dealership","[PREMIUM]","Mountain Lakes","NJ","[PREMIUM]",27,"[]",,,"[PREMIUM]"
"2df6e584-9116-4410-a2fa-09885a47ca2e","2026-08-04 02:45:41.645","2026-08-04 02:45:41.645","2df6e584-9116-4410-a2fa-09885a47ca2e","[PREMIUM]","Used",2002,"Saturn","L","100","[PREMIUM]","[PREMIUM]",59804,"Sedan","blue","Gray","Front-wheel Drive",,,"Gasoline",,,"dealership","[PREMIUM]","Willoughby Hills","OH","[PREMIUM]",24,"[]",,,"[PREMIUM]"
"1448eb3f-b525-429e-90a7-45db50a28bac","2026-08-04 02:12:20.662","2026-08-04 02:12:20.662","1448eb3f-b525-429e-90a7-45db50a28bac","[PREMIUM]","Used",2004,"Toyota","Avalon","XL","[PREMIUM]","[PREMIUM]",248941,"Sedan","beige","Taupe","Front-wheel Drive",,,"Gasoline",,,"dealership","[PREMIUM]","Hialeah","FL","[PREMIUM]",12,"[]",,,"[PREMIUM]"
"03480e71-d6ed-494a-a961-da1452c0e283","2026-08-04 02:04:20.537","2026-08-04 02:04:20.537","03480e71-d6ed-494a-a961-da1452c0e283","[PREMIUM]","Used",2005,"Honda","Accord","DX","[PREMIUM]","[PREMIUM]",206737,"Sedan","silver","Black","Front-wheel Drive",,,"Gasoline",,,"dealership","[PREMIUM]","Orlando","FL","[PREMIUM]",13,"[]",,,"[PREMIUM]"
"d8629a5d-1373-4f8a-9d3c-8e4aebd6ec8b","2026-08-04 02:02:10.219","2026-08-04 02:02:10.219","d8629a5d-1373-4f8a-9d3c-8e4aebd6ec8b","[PREMIUM]","Used",2003,"Chevrolet","Venture","LS","[PREMIUM]","[PREMIUM]",224365,"Passenger Van","brown","Neutral","Front-wheel Drive",,,"Gasoline",,,"dealership","[PREMIUM]","OGDEN","UT","[PREMIUM]",15,"[]",,,"[PREMIUM]"
"f354a9a6-2c2d-4438-a966-15432cc02ef6","2026-08-04 01:50:19.841","2026-08-04 01:50:19.841","f354a9a6-2c2d-4438-a966-15432cc02ef6","[PREMIUM]","Used",2002,"Toyota","Camry","SE V6","[PREMIUM]","[PREMIUM]",151237,"Sedan","green","Charcoal/Taupe","Front-wheel Drive",,,"Gasoline",,,"dealership","[PREMIUM]","Cleveland","OH","[PREMIUM]",99,"[]",,,"[PREMIUM]"
"52ca75a8-766b-414f-8c45-ffa220a8edad","2026-08-04 01:41:39.558","2026-08-04 01:41:39.558","52ca75a8-766b-414f-8c45-ffa220a8edad","[PREMIUM]","Used",2004,"Mercedes-Benz","E-Class","4MATIC","[PREMIUM]","[PREMIUM]",170290,"Wagon","black","Black","All-wheel Drive",,,"Gasoline",,,"dealership","[PREMIUM]","Minneapolis","MN","[PREMIUM]",28,"[]",,,"[PREMIUM]"
"2d81d8cc-62e6-493d-bb7f-be2d7c03b76d","2026-08-04 01:29:59.083","2026-08-04 01:29:59.083","2d81d8cc-62e6-493d-bb7f-be2d7c03b76d","[PREMIUM]","Used",2004,"Mercedes-Benz","C-Class","C 240 Sedan 4D","[PREMIUM]","[PREMIUM]",173244,"Sedan","silver","Beige","Rear-wheel Drive",,,"Gasoline",,,"dealership","[PREMIUM]","Mebane","NC","[PREMIUM]",28,"[]",,,"[PREMIUM]"
"ce5ebe36-5b4d-46de-9165-207a37ccaa1a","2026-08-04 01:25:38.971","2026-08-04 01:25:38.971","ce5ebe36-5b4d-46de-9165-207a37ccaa1a","[PREMIUM]","Used",2005,"Ford","Focus","ZX3","[PREMIUM]","[PREMIUM]",58818,"Hatchback","red","Charcoal / Light Flint","Front-wheel Drive",,,"Gasoline",,,"dealership","[PREMIUM]","Columbus","OH","[PREMIUM]",3,"[]",,,"[PREMIUM]"
"7a050083-cc3b-4a65-b002-08ab6f69595a","2026-08-04 01:20:18.805","2026-08-04 01:20:18.805","7a050083-cc3b-4a65-b002-08ab6f69595a","[PREMIUM]","Used",2003,"Lexus","RX 300","Base","[PREMIUM]","[PREMIUM]",227530,"SUV","silver","Beige","Front-wheel Drive",,,"Gasoline",,,"dealership","[PREMIUM]","Madison Heights","MI","[PREMIUM]",30,"[]",,,"[PREMIUM]"
"c7f563f7-b981-4fb1-91b1-688f605c972e","2026-08-04 01:14:58.553","2026-08-04 01:14:58.553","c7f563f7-b981-4fb1-91b1-688f605c972e","[PREMIUM]","Used",2004,"Dodge","Dakota","6 1/2 FT","[PREMIUM]","[PREMIUM]",101740,"Truck","blue","Gray","Four-wheel Drive",,,"Gasoline",,,"dealership","[PREMIUM]","Rock Hill","SC","[PREMIUM]",9,"[]",,,"[PREMIUM]"
"6e585cdd-e1e8-4855-9e9d-80536d197490","2026-08-04 01:01:38.201","2026-08-04 01:01:38.201","6e585cdd-e1e8-4855-9e9d-80536d197490","[PREMIUM]","Used",2004,"Mercedes-Benz","S-Class","4MATIC","[PREMIUM]","[PREMIUM]",113231,"Sedan","black","Black","All-wheel Drive",,,"Gasoline",,,"dealership","[PREMIUM]","Minneapolis","MN","[PREMIUM]",26,"[]",,,"[PREMIUM]"
"8dd779a5-59e4-4b1d-8a49-385d18d480e8","2026-08-04 00:25:04.030","2026-08-04 00:25:04.030","8dd779a5-59e4-4b1d-8a49-385d18d480e8","[PREMIUM]","Used",2005,"Chevrolet","Malibu","Base","[PREMIUM]","[PREMIUM]",111489,"Sedan","beige","Neutral","Front-wheel Drive",,,"Gasoline",,,"dealership","[PREMIUM]","Pensacola","FL","[PREMIUM]",9,"[]",,,"[PREMIUM]"
"f933582b-16e5-42d2-96b8-76f7c527e404","2026-08-04 00:00:33.455","2026-08-04 00:00:33.455","f933582b-16e5-42d2-96b8-76f7c527e404","[PREMIUM]","Used",2005,"Toyota","Corolla","CE","[PREMIUM]","[PREMIUM]",129871,"Sedan","beige","Pebble Beige","Front-wheel Drive",,,"Gasoline",,,"dealership","[PREMIUM]","Hialeah","FL","[PREMIUM]",12,"[]",,,"[PREMIUM]"
